codigo,nombre,tipo,ccaa,municipio,periodicidad_meses,normativa,articulo,url_oficial,sancion_min_eur,sancion_max_eur,riesgo_adicional
"CTE-DB-HS3-CO-GARAJE-MANTENIMIENTO-ANUAL","Mantenimiento anual detección CO y extracción forzada de garaje","MANTENIMIENTO","TODAS","",12,"RD 314/2006 CTE DB-HS 3 + CTE DB-SI 3 + RD 1027/2007 RITE (IT 3) + UNE-EN 50545-1:2012","CTE DB-HS 3 (ventilación garajes aparcamiento) + DB-SI 3 (evacuación de humos) + RITE IT 3 + UNE-EN 50545-1 (aparatos eléctricos para detección CO)","https://www.boe.es/buscar/act.php?id=BOE-A-2006-5515",300.00,3005.00,"Acumulación de CO en garajes: intoxicación de ocupantes (letal en 30-60 min a concentraciones >1.000 ppm). Responsabilidad penal por homicidio imprudente en caso de víctimas. Pérdida de licencia de actividad del garaje."
"CTE-DB-SUA8-UNE-EN-62305-PARARRAYOS-ANUAL","Verificación anual del sistema de protección contra el rayo","MANTENIMIENTO","TODAS","",12,"CTE DB-SUA 8 + UNE-EN 62305 / UNE 21186","CTE DB-SUA 8; UNE-EN 62305-3 (Tabla E.2)","https://www.codigotecnico.org/pdf/Documentos/SUA/DBSUA.pdf",300.00,3005.00,"Responsabilidad civil en caso de impacto de rayo. Invalidación de seguro."
"DEC-102-2015-LEY-11-2018-EXTREMADURA-ITE","ITE — Inspección Técnica de Edificios (Extremadura)","ITE","EXTREMADURA","",60,"Decreto 102/2015 + Ley 11/2018 (LOTUS)","Decreto 102/2015, de 11 de junio","https://doe.juntaex.es/eli/es-ex/d/2015/06/11/102",1000.00,90000.00,"Orden de ejecución. Ejecución subsidiaria a costa del propietario. Responsabilidad civil del administrador."
"DEC-117-2018-PV-ITE-50A-10A","ITE — Inspección Técnica de Edificios (País Vasco)","ITE","PAIS_VASCO","",120,"Decreto 117/2018 + Ley 3/2015 de Vivienda del País Vasco","Art. 52 Ley 3/2015; Decreto 117/2018","https://www.legegunea.euskadi.eus/eli/es-pv/d/2018/07/24/117",1000.00,90000.00,"Infracción muy grave no acometer reparaciones urgentes (arts. 83, 84, 90 Ley 3/2015). Responsabilidad civil del administrador."
"DEC-125-2016-PV-GAS-OCA-5A","Inspección de instalaciones receptoras de gas / GLP (País Vasco)","OCA","PAIS_VASCO","",60,"Decreto 125/2016 del País Vasco (desarrolla RD 919/2006 ITC-ICG 07)","Arts. 4-7 (procedimiento y sujetos obligados)","https://www.euskadi.eus/y22-bopv/es/bopv2/datos/2016/07/1603313a.shtml",3005.00,90151.00,"Corte de suministro. En caso de fuga: responsabilidad civil y penal del propietario/comunidad."
"DEC-29-2017-ASTURIAS-IEE","IEE — Informe de Evaluación del Edificio (Asturias)","ITE","ASTURIAS","",120,"Decreto 29/2017 del Principado de Asturias","Decreto 29/2017, de 17 de mayo","https://www.asturias.es/bopa/2017/05/24/2017-05669.pdf",1000.00,90000.00,"Orden de ejecución del Ayuntamiento. Declaración de ruina. Responsabilidad civil del administrador."
"DEC-485-2019-AND-PISCINA-ANUAL","Piscina comunitaria (Andalucía) — Decreto 485/2019","REVISION","ANDALUCIA","",12,"Decreto 485/2019, de 4 de junio (Reglamento Técnico-Sanitario de Piscinas en Andalucía)","BOJA nº108, 7/6/2019","https://www.juntadeandalucia.es/boja/2019/109/1",600.00,3000.00,"Clausura de la piscina. Sanción sanitaria."
"DEC-58-1992-MUR-PISCINA-SOCORRISTA-DL-1-2025","Piscina — Socorrista obligatorio (Murcia, art. 37.1 tras DL 1/2025)","MANTENIMIENTO","MURCIA","",12,"Decreto 58/1992 art. 37.1 (único superviviente tras derogación por DL 1/2025)","Art. 37.1","https://www.borm.es/services/anuncio/ano/2025/numero/553/pdf",600.00,3000.00,"Sanción sanitaria por falta de socorrista."
"DEC-99-2024-MADRID-PISCINAS","Piscina comunitaria (Madrid) — Decreto 99/2024","REVISION","MADRID","",12,"Decreto 99/2024, de 30 de octubre, de la Comunidad de Madrid, por el que se regulan las condiciones higiénico-sanitarias de las piscinas","BOCM nº 260, 31/10/2024","https://www.bocm.es/boletin/CM_Orden_BOCM/2024/10/31/BOCM-20241031-11.PDF",600.00,3000.00,"Clausura de la piscina por la autoridad sanitaria. Sanción por vía sanitaria (Ley 33/2011) y por vía de consumo."
"DF-86-2018-NAV-PISCINA-ANUAL","Piscina comunitaria (Navarra) — DF 86/2018 + DF 27/2025","REVISION","NAVARRA","",12,"Decreto Foral 86/2018 mod. por DF 6/2022 y DF 27/2025","Reglamento Sanitario Piscinas Navarra","https://bon.navarra.es/es/anuncio/-/texto/2018/211/0",600.00,3000.00,"Clausura de la piscina. Sanción sanitaria."
"IEE-BALEARES-LUIB-125","IEE — Informe de Evaluación del Edificio (Baleares)","ITE","BALEARES","",120,"Ley 12/2017 (LUIB) art. 125 + Decreto 17/2016","Art. 125 LUIB (mod. Ley 7/2024)","https://www.boe.es/buscar/act.php?id=BOE-A-2018-806",600.00,3000.00,"Infracción urbanística leve (art. 174 LUIB). Responsabilidad civil del administrador."
"IEE-CANTABRIA-DEC-1-2014","IEE — Informe de Evaluación del Edificio (Cantabria)","ITE","CANTABRIA","",120,"Decreto 1/2014 de Cantabria","Decreto 1/2014, de 9 de enero","https://boc.cantabria.es/boces/verAnuncioAction.do?idAnuBlob=261030",1000.00,90000.00,"Orden de ejecución del Ayuntamiento. Responsabilidad civil del administrador."
"IEE-GALICIA-LEY-1-2019-DEC-61-2021","IEE — Informe de Evaluación del Edificio (Galicia)","ITE","GALICIA","",120,"Ley 1/2019 + Decreto 61/2021 (mod. D. 34/2022)","Arts. 5-10 Ley 1/2019; Decreto 61/2021","https://www.xunta.gal/dog/Publicados/2021/20210420/AnuncioG0532-130421-1_es.html",1000.00,90000.00,"Orden de ejecución del Ayuntamiento. Declaración de ruina. Responsabilidad civil del administrador."
"IEE-MURCIA-DEC-34-2015","IEE — Informe de Evaluación del Edificio (Murcia)","ITE","MURCIA","",120,"Decreto 34/2015 de la Región de Murcia","Decreto 34/2015, de 13 de marzo","http://www.borm.es/borm/vista/busqueda/ver_anuncio_html.jsf?fecha=17032015&numero=3348&origen=sum",1000.00,90000.00,"Orden de ejecución del Ayuntamiento. Responsabilidad civil del administrador."
"IEE-NAVARRA-DF-108-2014","IEE — Informe de Evaluación del Edificio (Navarra)","ITE","NAVARRA","",120,"Decreto Foral 108/2014 de Navarra","DF 108/2014","https://www.lexnavarra.navarra.es/detalle.asp?r=34830",1000.00,90000.00,"Orden de ejecución del Ayuntamiento. Responsabilidad civil del administrador."
"IEEV-CV-VALENCIA","IEEV.CV — Informe de Evaluación del Edificio (C. Valenciana)","ITE","COMUNIDAD_VALENCIANA","",120,"Decreto 53/2018 (C. Valenciana)","Art. 4","https://dogv.gva.es/datos/2018/05/07/pdf/2018_4412.pdf",1000.00,90000.00,"Orden de ejecución del Ayuntamiento."
"IITE-CATALUNA-VIVIENDAS","IITE — Inspección de Edificios de Viviendas (Cataluña)","ITE","CATALUNA","",120,"Decreto 67/2015 (Cataluña)","Art. 3","https://portaljuridic.gencat.cat/eli/es-ct/d/2015/05/05/67/con",1000.00,90000.00,"Orden de ejecución. Posible declaración de ruina."
"ITE-ANDALUCIA-LISTA-7-2021","ITE — Inspección Técnica de Edificios (Andalucía)","ITE","ANDALUCIA","",120,"Ley 7/2021 (LISTA) + Decreto 550/2022 (RLISTA)","Art. 144 LISTA; Arts. 323 y ss. RLISTA","https://www.juntadeandalucia.es/boja",1000.00,90000.00,"Orden de ejecución del Ayuntamiento. Responsabilidad civil del administrador."
"ITE-ARAGON-LEY-3-2009","ITE — Inspección Técnica de Edificios (Aragón)","ITE","ARAGON","",120,"Ley 3/2009 de Urbanismo de Aragón + Ord. Municipal Zaragoza","Art. 261 Ley 3/2009","https://www.boe.es/buscar/act.php?id=BOA-d-2014-90410",1000.00,90000.00,"Orden de ejecución del Ayuntamiento. Responsabilidad civil del administrador."
"ITE-BALEARES-LUIB-125-CONSERVACION","ITE — Evaluación del estado de conservación (Baleares, >30 años)","ITE","BALEARES","",120,"Ley 12/2017 LUIB, Art. 125 (Baleares), mod. Ley 7/2024","Art. 125 LUIB","https://www.boe.es/buscar/act.php?id=BOE-A-2018-806",600.00,3000.00,"Infracción urbanística leve (art. 174 LUIB)."
"ITE-CAM-LEY-9-2001-ART-169","ITE — Inspección Técnica de Edificios (Comunidad de Madrid)","ITE","MADRID","",120,"Ley 9/2001 del Suelo de la Comunidad de Madrid","Art. 169","https://www.boe.es/buscar/act.php?id=BOE-A-2001-18984",1000.00,90000.00,"Orden de ejecución del Ayuntamiento. Posible declaración de ruina. Responsabilidad civil del administrador."
"ITE-CANARIAS-LSENPC-4-2017","ITE — Inspección Técnica de Edificios (Canarias)","ITE","CANARIAS","",240,"Ley 4/2017 (LSENPC)","Art. 269 + Disposición Adicional 3ª","https://www.boe.es/buscar/doc.php?id=BOE-A-2017-10295",1000.00,90000.00,"Orden de ejecución del Ayuntamiento. Responsabilidad civil del administrador."
"ITE-CASTILLA-LA-MANCHA-TRLOTAU-DEC-25-2019","ITE — Inspección Técnica de Edificios (Castilla-La Mancha)","ITE","CASTILLA_LA_MANCHA","",120,"Decreto 25/2019 + TRLOTAU (D. 34/2011)","Arts. 63-65 TRLOTAU; Decreto 25/2019","https://iee.castillalamancha.es/",600.00,6000.00,"Infracción urbanística. Orden de ejecución. Responsabilidad civil del administrador."
"ITE-CASTILLA-LEON-LEY-5-1999-DEC-6-2016","ITE — Inspección Técnica de Edificaciones (Castilla y León)","ITE","CASTILLA_Y_LEON","",120,"Decreto 6/2016 + Ley 5/1999 de Urbanismo","Art. 110 Ley 5/1999; Decreto 6/2016 (mod. D. 22/2004)","https://bocyl.jcyl.es/boletines/2016/03/04/pdf/BOCYL-D-04032016-1.pdf",1000.00,90000.00,"Orden de ejecución del Ayuntamiento. Responsabilidad civil del administrador."
"ITE-CEUTA-2013","ITE — Inspección Técnica de Edificios (Ceuta)","ITE","CEUTA","",120,"Reglamento de Conservación, Rehabilitación e ITE (BOME nº5039, 2/7/2013)","Título III, Arts. 52-63","https://www.boe.es/buscar/act.php?id=BOE-A-2015-11723",1000.00,90000.00,"Orden de ejecución. Responsabilidad civil del administrador."
"ITE-MELILLA-BOME-5039-2013","ITE — Inspección Técnica de Edificios (Melilla)","ITE","MELILLA","",120,"Reglamento de Conservación, Rehabilitación e ITE de Melilla (BOME 2013)","Título III, Arts. 52-63 (BOME nº 5039, 2/7/2013)","https://www.melilla.es/mandar.php/n/7/7390/5039_2641.pdf",1000.00,90000.00,"Orden de ejecución. Declaración de ruina. Responsabilidad civil del administrador."
"LEGIONELLA-ANDALUCIA-COMP-BOJA-144","Legionella — Requisitos complementarios (Andalucía)","MANTENIMIENTO","ANDALUCIA","",12,"Decreto 287/2002 + Orden de 2 de julio de 2004","BOJA nº144, 7/12/2002","https://www.juntadeandalucia.es/boja/2002/144/d2.pdf",600.00,3000.00,"Sanción sanitaria adicional al RD 487/2022."
"LEGIONELLA-ASTURIAS-COMP-BOPA","Legionella — Requisitos complementarios (Asturias)","MANTENIMIENTO","ASTURIAS","",12,"Decreto 90/2002 del Principado de Asturias","BOPA","https://www.asturias.es/bopa/2002/07/19/20020719.pdf",600.00,3000.00,"Sanción sanitaria adicional al RD 487/2022."
"LEGIONELLA-CANTABRIA-COMP-BOC","Legionella — Requisitos complementarios (Cantabria)","MANTENIMIENTO","CANTABRIA","",12,"Decreto 122/2002","BOC","https://saludcantabria.es/documents/20117/33337/Decreto122_2002.pdf/95ddb1ee-549c-8ed5-06ec-fb0a5f462381",600.00,3000.00,"Sanción sanitaria adicional al RD 487/2022."
"LEGIONELLA-GALICIA-COMP-DOG","Legionella — Requisitos complementarios (Galicia)","MANTENIMIENTO","GALICIA","",12,"Decreto 9/2001 de Galicia","DOG","https://www.xunta.gal/dog/Publicados/2001/20010115/Anuncio12A6_es.html",600.00,3000.00,"Sanción sanitaria adicional al RD 487/2022."
"LEY-2-2007-RIOJA-ITE","ITE — Inspección Técnica de Edificios (La Rioja)","ITE","LA_RIOJA","",120,"Ley 2/2007 de Vivienda de La Rioja","Art. 36 Ley 2/2007","https://www.boe.es/eli/es-ri/l/2007/03/01/2",1000.00,90000.00,"Orden de ejecución del Ayuntamiento. Responsabilidad civil del administrador."
"ORD-ANM-2011-65-MADRID-ITE","ITE Municipal — Madrid (30 años)","ITE","MADRID","Madrid",120,"Ord. Conservación ANM 2011/65 + RD-ley 8/2011","Art. 21 RDL 8/2011","https://sede.madrid.es/eli/es-md-01860896/odnz/2011/12/26/(1)/dof/spa/html",1000.00,90000.00,"Orden de ejecución del Ayuntamiento. Responsabilidad civil del administrador."
"ORD-BILBAO-ITE-50A","ITE Municipal — Bilbao (50 años)","ITE","PAIS_VASCO","Bilbao",120,"Ordenanza Municipal ITE de Bilbao (27/10/2016)","","https://www.bilbao.eus/",1000.00,6000.00,"Ejecución subsidiaria. Sanciones urbanísticas del TRLSUPV."
"ORD-MANRESA-IITE-40A","IITE Municipal — Manresa (40 años, excepción)","ITE","CATALUNA","Manresa",120,"Ordenanza Municipal IITE de Manresa (excepción de 40 años frente al Decreto 67/2015 catalán)","","https://www.manresa.cat/web/menu/2042-inspeccio-tecnica-edificis-iite",1000.00,90000.00,"Bloqueo de cédula de habitabilidad. Imposibilidad de transmisión."
"ORD-PALMA-ITE-50A","ITE Municipal — Palma (50 años)","ITE","BALEARES","Palma",120,"Ordenanza Municipal ITE de Palma (BOIB 73/2015)","","https://www.caib.es/eboibfront/es/2015/10293/",600.00,3000.00,"Infracción urbanística leve (art. 174 LUIB). Orden de ejecución subsidiaria."
"ORD-VIGO-ITE-40A","ITE Municipal — Vigo (40 años)","ITE","GALICIA","Vigo",120,"Ordenanza Municipal ITE de Vigo (BOP_PO 17/11/2010)","","https://hoxe.vigo.org/pdf/urbanismo/ITE_print_cas.pdf",1000.00,6000.00,"Orden de ejecución. Sanción urbanística."
"ORD-ZARAGOZA-ITE-50A","ITE Municipal — Zaragoza (50 años)","ITE","ARAGON","Zaragoza",120,"Ordenanza Municipal de Inspección Técnica de Edificios de Zaragoza (BOPZ nº31, octubre 2002)","","https://www.zaragoza.es/sede/servicio/normativa/eli/es-ar-01502973/odnz/2002/10/31/(1)",1000.00,6000.00,"Orden de ejecución subsidiaria. Multa coercitiva."
"ORD_ITE_CORDOBA_2012","ITE Municipal — Córdoba (50 años)","ITE","ANDALUCIA","Córdoba",120,"Ordenanza Municipal de ITE de Córdoba","Art. 1. Texto Refundido, BOP Córdoba 31/12/2012 (original: BOP 25/09/2009)","https://www.cordoba.es/sites/default/files/PDF/Ayuntamiento/ordenanzas_bandos_y_otros/ordenanzas-y-reglamentos-municipales-no-fiscales/via_publica/ordenanza_Inspec_Tecnica.pdf",1000.00,90000.00,"Orden de ejecución del Ayuntamiento."
"ORD_ITE_HUELVA_2002","ITE Municipal — Huelva (14 años, renovación cada 5)","ITE","ANDALUCIA","Huelva",60,"Ordenanza Municipal de ITE de Huelva","Ordenanza Municipal de Inspección Técnica de la Edificación, BOP Huelva nº 99 de 02/05/2002 (modif. BOP nº 296 de 27/12/2003)","https://www.huelva.es/portal/es/inspecci%C3%B3n-t%C3%A9cnica-de-la-edificaci%C3%B3n",1000.00,90000.00,"Orden de ejecución del Ayuntamiento."
"ORD_ITE_LAGUNA_2015","ITE Municipal — La Laguna (Conjunto Histórico, 25 años)","ITE","CANARIAS","San Cristóbal de La Laguna;La Laguna",120,"Ordenanza Municipal de La Laguna (Conjunto Histórico)","Ordenanza Municipal de la Inspección Técnica de las Edificaciones en el Término Municipal de San Cristóbal de La Laguna, BOP SCT nº 103 de 12/08/2015","https://pagos.urbanismolalaguna.es/publico/procedimiento/GER0205",1000.00,90000.00,"Orden de ejecución del Ayuntamiento."
"ORD_ITE_MALAGA_2013","ITE Municipal — Málaga (50 años)","ITE","ANDALUCIA","Málaga",120,"Ordenanza Municipal de ITE de Málaga","Ordenanza Municipal de Conservación e Inspección Técnica de las Edificaciones, BOP Málaga nº 225 suplemento 2 de 25/11/2013 (vigor 14/12/2013)","https://urbanismo.malaga.eu/tramites/conservacion-e-ite/",1000.00,90000.00,"Orden de ejecución del Ayuntamiento."
"ORD_ITE_MARBELLA_2013","ITE Municipal — Marbella (50 años)","ITE","ANDALUCIA","Marbella",120,"Ordenanza Municipal de ITE de Marbella","Ordenanza de Inspección Técnica de Edificaciones y Construcciones, BOP Málaga nº 224 de 22/11/2013","https://urbanismo.marbella.es/ite.html",1000.00,90000.00,"Orden de ejecución del Ayuntamiento."
"ORD_ITE_SEVILLA_2011","ITE Municipal — Sevilla (20 años)","ITE","ANDALUCIA","Sevilla",120,"Ordenanza Municipal de ITE de Sevilla","Texto Refundido, BOP Sevilla 16/11/2011 (original: BOP 17/06/2004, modif. 28/09/2011)","https://www.sevilla.org/ayuntamiento/unidad-organica/servicio-de-apoyo-juridico/ordenanzas-del-municipio-de-sevilla/texto-refundido-de-la-ordenanza-de-inspeccion-tecnica-de-edificaciones.pdf",1000.00,90000.00,"Orden de ejecución del Ayuntamiento. Responsabilidad civil del administrador."
"ORD_ITF_LPGC","ITF Municipal — Las Palmas de Gran Canaria (Fachadas, 10 años)","ITE","CANARIAS","Las Palmas de Gran Canaria",120,"Ordenanza Municipal ITF Las Palmas de GC","Ordenanza Especial sobre Conservación y Estado Ruinoso de las Edificaciones, Título I, Sección 1ª Art. 5","https://sedeelectronica.laspalmasgc.es/textos/2/OM_ConservacionyEstadoRuinosoEdif_LasPalmasGC.pdf",1000.00,90000.00,"Orden de ejecución del Ayuntamiento. Responsabilidad civil en caso de caída de elementos de fachada."
"PISCINA-ARAGON-DEC-119-2006","Piscina comunitaria (Aragón) — Decretos 50/1993 + 119/2006","REVISION","ARAGON","",12,"Decreto 50/1993 mod. por Decreto 119/2006","Art. 34 (redactado por D. 119/2006)","https://www.aragon.es/documents/20127/674325/Decreto_119_2006.pdf/391136ad-918f-23cb-443b-c10df8984acb",600.00,3000.00,"Clausura de la piscina. Sanción sanitaria."
"PISCINA-ASTURIAS-DEC-140-2009","Piscina comunitaria (Asturias) — Decreto 140/2009","REVISION","ASTURIAS","",12,"Decreto 140/2009, de 11 de noviembre (Reglamento Técnico-Sanitario de Piscinas de Uso Colectivo)","BOPA nº277, 30/11/2009","https://sede.asturias.es/bopa/2009/11/30/2009-27117.pdf",600.00,3000.00,"Clausura de la piscina. Sanción sanitaria."
"PISCINA-CANARIAS-DEC-119-2010","Piscina comunitaria (Canarias) — Decretos 212/2005 + 119/2010","REVISION","CANARIAS","",12,"Decreto 212/2005 mod. por Decreto 119/2010","Reglamento Sanitario Piscinas Canarias","https://www3.gobiernodecanarias.org/sanidad/scs/content/0d49ed11-d83c-11df-a380-a19cf0dff4f6/3_D_212_2005%20Piscinas.pdf",600.00,3000.00,"Clausura de la piscina. Sanción sanitaria."
"PISCINA-CANTABRIA-DEC-72-2008","Piscina comunitaria (Cantabria) — Decretos 72/2008 + 56/2009","REVISION","CANTABRIA","",12,"Decreto 72/2008 mod. por Decreto 56/2009","BOC nº199, 15/10/2008","https://boc.cantabria.es/boces/verAnuncioAction.do?idAnuBlob=154619",600.00,3000.00,"Clausura de la piscina. Sanción sanitaria."
"PISCINA-CASTILLA-LA-MANCHA-DEC-72-2017","Piscina comunitaria (Castilla-La Mancha) — Decreto 72/2017","REVISION","CASTILLA_LA_MANCHA","",12,"Decreto 72/2017, de 10 de octubre","DOCM nº205, 23/10/2017","https://docm.castillalamancha.es/portaldocm/descargarArchivo.do?ruta=2017/10/23/pdf/2017_12465.pdf&tipo=rutaDocm",600.00,3000.00,"Clausura de la piscina. Sanción sanitaria."
"PISCINA-CEUTA-REG-2002","Piscina comunitaria (Ceuta) — Reglamento 2002","REVISION","CEUTA","",12,"Reglamento regulador de las condiciones higiénico-sanitarias de las piscinas de uso colectivo, de 13 de septiembre de 2002","BOCCE","https://www.ceuta.es/ceuta/component/content/article/46-paginas/paginas/normativa/99-reglamento-regulador-de-las-condiciones-higienico-sanitarias-de-las-piscinas-de-uso-colectivo-de-13-de-septiembre-de-2002",600.00,3000.00,"Clausura de la piscina. Sanción sanitaria."
"PISCINA-EXTREMADURA-DEC-254-2015","Piscina comunitaria (Extremadura) — Decretos 102/2012 + 254/2015","REVISION","EXTREMADURA","",12,"Decreto 102/2012 mod. por Decreto 254/2015","Reglamento Sanitario Piscinas Extremadura","https://doe.juntaex.es/pdfs/doe/2015/1520o/15040273.pdf",600.00,3000.00,"Clausura de la piscina. Sanción sanitaria."
"PISCINA-GALICIA-DEC-119-2019","Piscina comunitaria (Galicia) — Decreto 119/2019","REVISION","GALICIA","",12,"Decreto 119/2019 (Reglamento Sanitario Piscinas de Galicia)","DOG","https://www.xunta.gal/dog/Publicados/2019/20191008/AnuncioC3K1-300919-0001_es.html",600.00,3000.00,"Clausura de la piscina. Sanción sanitaria."
"PISCINA-LA-RIOJA-DEC-25-2010","Piscina comunitaria (La Rioja) — Decretos 2/2005 + 37/2008 + 25/2010","REVISION","LA_RIOJA","",12,"Decreto 2/2005 mod. por D. 37/2008 y D. 25/2010","BOR","https://ias1.larioja.org/boletin/Bor_Boletin_visor_Servlet?referencia=1069817-1-PDF-489357",600.00,3000.00,"Clausura de la piscina. Sanción sanitaria."
"PISCINA-PAIS-VASCO-DEC-208-2004","Piscina comunitaria (País Vasco) — Decretos 32/2003 + 208/2004","REVISION","PAIS_VASCO","",12,"Decreto 32/2003 mod. por Decreto 208/2004","BOPV","https://www.euskadi.eus/contenidos/decreto/bopv200406058/es_def/",600.00,3000.00,"Clausura de la piscina. Sanción sanitaria."
"RD-1027-2007-RITE-IT424-INSPECCION-PERIODICA","Inspección periódica instalación térmica (>70kW)","OCA","TODAS","",48,"RD 1027/2007 RITE (modif. RD 178/2021)","IT 4.2.4","https://www.boe.es/buscar/act.php?id=BOE-A-2007-15820",600.00,30000.00,"Precintado de la instalación térmica."
"RD-1523-1999-GASOLEO-OCA-10A","Inspección periódica depósito de gasóleo","OCA","TODAS","",120,"RD 1523/1999 + ITC MI-IP 03","ITC MI-IP 03, Art. 7","https://www.boe.es/buscar/act.php?id=BOE-A-1999-21628",3005.00,90151.00,"Precintado de la instalación. Riesgo medioambiental."
"RD-1644-2008-CTE-DB-SUA2-PUERTA-GARAJE-ANUAL","Revisión anual puerta garaje automática","MANTENIMIENTO","TODAS","",12,"RD 1644/2008 + UNE-EN 12635","CTE DB-SUA 2","https://www.boe.es/eli/es/rd/2008/10/10/1644",300.00,3005.00,"Responsabilidad civil del administrador en caso de accidente."
"RD-203-2016-PLATAFORMA-MANT-SEMESTRAL","Plataforma vertical / salvaescaleras — Mantenimiento semestral","MANTENIMIENTO","TODAS","",6,"UNE-EN 81-40 (salvaescaleras inclinados) + UNE-EN 81-41 (plataformas verticales) + RD 1215/1997 (equipos de trabajo)","UNE-EN 81-40 Anexo F (mantenimiento) + UNE-EN 81-41 apdo. 12 (inspecciones)","https://www.boe.es/buscar/act.php?id=BOE-A-2016-5029",300.00,3005.00,"Retirada de la plataforma de servicio. Queja de usuarios con movilidad reducida."
"RD-3-2023-ALJIBES-LIMPIEZA-ANUAL","Limpieza y desinfección anual de depósitos de agua de consumo humano","MANTENIMIENTO","TODAS","",12,"RD 3/2023 calidad del agua de consumo humano (sustituye RD 140/2003)","RD 3/2023 arts. 14-16 (autocontrol y mantenimiento de instalaciones interiores) + Anexo V (limpieza y desinfección)","https://www.boe.es/buscar/act.php?id=BOE-A-2023-628",600.00,3000.00,"Contaminación microbiológica del agua de consumo: riesgo sanitario grave, posible cierre cautelar de la instalación, responsabilidad solidaria de la comunidad con el titular del punto de suministro."
"RD-314-2006-CTE-DB-HS3-VENTILACION-LIMPIEZA","Limpieza anual de conductos de ventilación comunes","MANTENIMIENTO","TODAS","",12,"RD 314/2006 CTE DB-HS 3 + RD 1027/2007 RITE (IT 3)","CTE DB-HS 3 (Calidad del aire interior) — Tabla 8.1 de operaciones de mantenimiento + RITE IT 3 (operación B8: limpieza de conductos)","https://www.boe.es/buscar/act.php?id=BOE-A-2006-5515",300.00,3005.00,"Acumulación de partículas y grasas en conductos aumenta el riesgo de propagación de incendio y reduce la calidad del aire (riesgo sanitario). Posible anulación de la cobertura del seguro por falta de mantenimiento documentado."
"RD-337-2014-RAT-CT-OCA-3A","Centro de transformación — Inspección OCA trienal","OCA","TODAS","",36,"RD 337/2014 Reglamento de Alta Tensión (RAT)","Art. 24","https://www.boe.es/buscar/act.php?id=BOE-A-2014-6084",6000.00,90000.00,"Corte de suministro al edificio. Posible responsabilidad civil por accidente eléctrico."
"RD-346-2011-ICT-MANTENIMIENTO","Mantenimiento ICT (Infraestructura Común de Telecomunicaciones)","MANTENIMIENTO","TODAS","",12,"RD 346/2011 (Reglamento ICT) + Ley 9/2014 General de Telecomunicaciones","RD 346/2011 Anexo IV (Plan de mantenimiento) + arts. 45-46 (responsabilidades de la propiedad del edificio)","https://www.boe.es/buscar/act.php?id=BOE-A-2011-5834",500.00,3005.00,"Averías en TV/FM, telefonía y fibra óptica por falta de mantenimiento. La comunidad es responsable subsidiaria de las averías en la ICT comunitaria."
"RD-355-2024-ASCENSOR-OCA-GENERAL-4A","Inspección periódica OCA ascensor","OCA","TODAS","",48,"RD 355/2024 (ITC AEM 1, sustituye al RD 88/2013)","Art. 3, Anexo II","https://www.boe.es/buscar/act.php?id=BOE-A-2024-7258",600.00,30000.00,"Precintado del ascensor por Industria. Responsabilidad civil del administrador."
"RD-355-2024-ASCENSOR-OCA-PEQUENO-6A","Inspección periódica OCA ascensor (edificios pequeños, 6 años)","OCA","TODAS","",72,"RD 355/2024 (ITC AEM 1, sustituye al RD 88/2013)","Art. 3, Anexo II","https://www.boe.es/buscar/act.php?id=BOE-A-2024-7258",600.00,30000.00,"Precintado del ascensor por Industria. Responsabilidad civil del administrador."
"RD-355-2024-ASCENSOR-OCA-PUBLICA-2A","Inspección periódica OCA ascensor (pública concurrencia, 2 años)","OCA","TODAS","",24,"RD 355/2024 (ITC AEM 1, sustituye al RD 88/2013)","Art. 3, Anexo II","https://www.boe.es/buscar/act.php?id=BOE-A-2024-7258",600.00,30000.00,"Precintado del ascensor. Cierre al público del local."
"RD-487-2022-LEGIONELLA-ANALISIS-ANUAL","Análisis anual de Legionella (laboratorio acreditado)","REVISION","TODAS","",12,"RD 487/2022 (mod. RD 614/2024)","Anexo III, Parte B; Art. 8","https://www.boe.es/buscar/act.php?id=BOE-A-2022-10297",600.00,3000.00,"Cierre cautelar de la instalación. Responsabilidad penal en caso de brote."
"RD-487-2022-LEGIONELLA-LIMPIEZA-ACS","Limpieza y desinfección ACS (prevención legionella)","MANTENIMIENTO","TODAS","",12,"RD 487/2022 (mod. RD 614/2024)","Anexo III, Parte B","https://www.boe.es/buscar/act.php?id=BOE-A-2022-10297",600.00,3000.00,"Cierre cautelar de la instalación. Responsabilidad penal en caso de brote con víctimas."
"RD-513-2017-RIPCI-ALUMBRADO-EMERG-ANUAL","Revisión anual alumbrado de emergencia (empresa mantenedora)","MANTENIMIENTO","TODAS","",12,"RD 513/2017 RIPCI Anexo II + CTE DB-SUA 4 + RD 842/2002 REBT","RIPCI Tabla II Apéndice 2 (programa anual de mantenimiento de alumbrado de emergencia)","https://www.boe.es/buscar/act.php?id=BOE-A-2017-6606",300.00,3005.00,"Incumplimiento del CTE DB-SUA 4 (seguridad de utilización). Sanción por vía industrial (Ley 21/1992) y por vía PCI (Ley 31/1995 PRL si aplica). Posible cierre cautelar en inspecciones municipales."
"RD-513-2017-RIPCI-BIE-ANUAL","BIE — Revisión anual (empresa mantenedora)","MANTENIMIENTO","TODAS","",12,"RD 513/2017 RIPCI + RD 298/2021 + UNE-EN 671-3","Anexo II tabla II","https://www.boe.es/buscar/act.php?id=BOE-A-2017-6606",300.00,3005.00,"Pérdida de cobertura de seguro. Posible responsabilidad civil por manguera no operativa."
"RD-513-2017-RIPCI-BIE-HIDRAULICA-5A","BIE — Prueba hidráulica quinquenal","OCA","TODAS","",60,"RD 513/2017 RIPCI + RD 298/2021 + UNE-EN 671-3","Anexo II tabla III","https://www.boe.es/buscar/act.php?id=BOE-A-2017-6606",300.00,3005.00,"BIE inoperativa en caso de incendio. Pérdida de cobertura del seguro. Responsabilidad civil del administrador."
"RD-513-2017-RIPCI-BIE-TRIMESTRAL","BIE — Revisión trimestral (empresa mantenedora)","MANTENIMIENTO","TODAS","",3,"RD 513/2017 RIPCI + RD 298/2021 (mod. vida útil mangueras) + UNE-EN 671-3","Anexo II tabla I","https://www.boe.es/buscar/act.php?id=BOE-A-2017-6606",300.00,3005.00,"Pérdida de cobertura del seguro del edificio en caso de incendio."
"RD-513-2017-RIPCI-COLUMNA-SECA-ANUAL","Columna seca — Revisión anual","MANTENIMIENTO","TODAS","",12,"RD 513/2017 RIPCI + CTE DB-SI 4","Anexo II","https://www.boe.es/buscar/act.php?id=BOE-A-2017-6606",300.00,3005.00,"Imposibilidad de uso por bomberos en caso de incendio."
"RD-513-2017-RIPCI-DETECCION-AUTO-ANUAL","Detección automática — Revisión anual","MANTENIMIENTO","TODAS","",12,"RD 513/2017 RIPCI + UNE 23007-14","Anexo II tabla II","https://www.boe.es/buscar/act.php?id=BOE-A-2017-6606",300.00,3005.00,"Responsabilidad civil si el sistema falla y hay víctimas o daños."
"RD-513-2017-RIPCI-DETECCION-AUTO-TRIMESTRAL","Detección automática — Revisión trimestral","MANTENIMIENTO","TODAS","",3,"RD 513/2017 RIPCI + UNE 23007-14","Anexo II tabla I","https://www.boe.es/buscar/act.php?id=BOE-A-2017-6606",300.00,3005.00,"Alarma silenciada por falta de mantenimiento en caso de incendio."
"RD-513-2017-RIPCI-EXTINTORES-RETIMBRADO-5A","Retimbrado de extintores (prueba de presión)","OCA","TODAS","",60,"RD 513/2017 RIPCI (modificado por RD 164/2025)","Tabla II, Apéndice 2","https://www.boe.es/buscar/act.php?id=BOE-A-2017-6606",300.00,3005.00,"Extintor fuera de servicio legal. Sin cobertura de seguro."
"RD-513-2017-RIPCI-EXTINTORES-REVISION-ANUAL","Revisión anual de extintores (empresa mantenedora)","MANTENIMIENTO","TODAS","",12,"RD 513/2017 RIPCI (modificado por RD 164/2025)","Tabla I, Apéndice 2","https://www.boe.es/buscar/act.php?id=BOE-A-2017-6606",300.00,3005.00,"Invalidación de cobertura del seguro en caso de incendio."
"RD-513-2017-RIPCI-HIDRANTES-ANUAL","Hidrantes exteriores — Revisión anual","MANTENIMIENTO","TODAS","",12,"RD 513/2017 RIPCI","Anexo II","https://www.boe.es/buscar/act.php?id=BOE-A-2017-6606",300.00,3005.00,"Indisponibilidad de abastecimiento de agua para bomberos."
"RD-513-2017-RIPCI-PCI-GARAJE-OCA-10A","Inspección periódica OCA protección contra incendios garaje","OCA","TODAS","",120,"RD 513/2017 RIPCI art. 22 (modificado por RD 164/2025)","Art. 22","https://www.boe.es/buscar/act.php?id=BOE-A-2017-6606",3005.00,90151.00,"Clausura del garaje por Industria."
"RD-513-2017-RIPCI-SENAL-FOTOL-ANUAL","Revisión anual de señalización fotoluminiscente de evacuación","MANTENIMIENTO","TODAS","",12,"RD 513/2017 RIPCI + UNE 23033-1:2019 + UNE 23035 (fotoluminiscencia)","RIPCI Anexo II (mantenimiento de sistemas de evacuación y señalización) + UNE 23033-1 (identificación) + UNE 23035-4 (inspección y mantenimiento de productos fotoluminiscentes)","https://www.boe.es/buscar/act.php?id=BOE-A-2017-6606",300.00,3005.00,"Pérdida de capacidad luminiscente por deterioro o suciedad: en evacuación nocturna sin suministro eléctrico, la señalización no guía a los ocupantes. Responsabilidad penal subsidiaria si hay víctimas."
"RD-732-2019-CTE-DB-SI-PUERTAS-CF","Revisión anual de puertas cortafuegos (EI)","MANTENIMIENTO","TODAS","",12,"RD 732/2019 CTE DB-SI 1 + UNE 23740-1:2016","CTE DB-SI 1 (Compartimentación en sectores de incendio) + UNE 23740-1:2016 (Mantenimiento de puertas resistentes al fuego)","https://www.boe.es/buscar/act.php?id=BOE-A-2019-19375",300.00,3005.00,"Pérdida de certificación EI en caso de incendio. Responsabilidad civil y penal del administrador. Posible pérdida de cobertura del seguro."
"RD-742-2013-PISCINA-CONTROL-AGUA-TRIMESTRAL","Control de calidad del agua de piscina (trimestral — laboratorio)","MANTENIMIENTO","TODAS","",3,"RD 742/2013 + normativa autonómica","Art. 6 RD 742/2013; Anexo I","https://www.boe.es/buscar/act.php?id=BOE-A-2013-10580",600.00,3000.00,"Clausura de la piscina. Sanción sanitaria."
"RD-742-2013-PISCINA-REVISION-ANUAL","Revisión anual piscina comunitaria (inicio temporada)","REVISION","TODAS","",12,"RD 742/2013 + normativa autonómica","RD 742/2013; normativa CCAA aplicable","https://www.boe.es/buscar/act.php?id=BOE-A-2013-10580",600.00,3000.00,"Clausura de la piscina. Responsabilidad civil por accidente."
"RD-830-2010-DDD-SEMESTRAL","Tratamiento DDD semestral (desinfección, desinsectación y desratización)","MANTENIMIENTO","TODAS","",6,"RD 830/2010 de formación de servicios biocidas + RD 1054/2002 evaluación biocidas + Ley 33/2011 General de Salud Pública","RD 830/2010 (formación de aplicadores y servicios) + normativa autonómica de sanidad ambiental","https://www.boe.es/buscar/act.php?id=BOE-A-2010-10704",600.00,3000.00,"Plagas de roedores, cucarachas o insectos en zonas comunes generan riesgo sanitario (Ley 33/2011) y son denunciables por vecinos ante el servicio municipal de sanidad. Posible clausura temporal del local afectado."
"RD-842-2002-REBT-ITC-BT-52-RECARGA-VE-OCA-5A","Infraestructura de recarga VE — Inspección OCA quinquenal","OCA","TODAS","",60,"RD 842/2002 REBT ITC-BT-52 (modif. RD 1053/2014 y RD 298/2021)","ITC-BT-52 apdo. 8","https://www.boe.es/buscar/act.php?id=BOE-A-2002-18099",3005.00,90151.00,"Corte de suministro al punto de recarga. Posible daño en vehículos por instalación no conforme."
"RD-842-2002-REBT-OCA-5A","Inspección periódica OCA baja tensión zonas comunes (>100 kW, 10 años)","OCA","TODAS","",120,"RD 842/2002 REBT","ITC-BT-05, Art. 4.1","https://www.boe.es/buscar/act.php?id=BOE-A-2002-18099",3005.00,90151.00,"Corte de suministro eléctrico por la distribuidora."
"RD-842-2002-REBT-OCA-GARAJE-5A","Inspección periódica OCA baja tensión garaje (>25 kW)","OCA","TODAS","",60,"RD 842/2002 REBT","ITC-BT-05, Tabla 1","https://www.boe.es/eli/es/rd/2002/08/02/842/con",3005.00,90151.00,"Corte de suministro eléctrico al garaje por la distribuidora."
"RD-842-2002-REBT-OCA-PISCINA-5A","Inspección periódica OCA baja tensión piscina (>10 kW)","OCA","TODAS","",60,"RD 842/2002 REBT","ITC-BT-05 + ITC-BT-31","https://www.boe.es/eli/es/rd/2002/08/02/842/con",3005.00,90151.00,"Corte de suministro a la zona de piscina."
"RD-919-2006-ICG07-GAS-COMUNITARIO-OCA","Inspección periódica instalación de gas comunitaria","REVISION","TODAS","",60,"RD 919/2006 (ITC-ICG 07, modificado por RD 542/2020 y RD 984/2015)","ITC-ICG 07, Art. 8","https://www.boe.es/buscar/act.php?id=BOE-A-2006-11473",3005.00,90151.00,"Corte de suministro de gas por la distribuidora."
"RD1027_2007_RITE_IT33","Mantenimiento térmica por empresa mantenedora (>70 kW)","MANTENIMIENTO","TODAS","",1,"RD 1027/2007 RITE (modif. RD 178/2021)","IT 3.3 + Tabla 3.1 (Programa de mantenimiento preventivo)","https://www.boe.es/buscar/act.php?id=BOE-A-2007-15820",300.00,3005.00,"Pérdida de eficiencia y rendimiento. Riesgo de avería en plena temporada. Responsabilidad del titular en caso de accidente por mantenimiento deficiente. Sanción industrial."
"RD355_2024_ITC_AEM1_ART11","Mantenimiento del ascensor por empresa conservadora","MANTENIMIENTO","TODAS","",1,"RD 355/2024 ITC AEM 1 (sustituye al RD 88/2013)","Art. 11.a y Anexo VI","https://www.boe.es/buscar/act.php?id=BOE-A-2024-7258",300.00,3005.00,"Sin contrato de mantenimiento vigente la empresa conservadora paraliza el ascensor. Responsabilidad civil del administrador en caso de accidente. Pérdida de cobertura del seguro."